년도,대학,전형명,계열,모집단위,전과목,국,수,영,탐1,탐2
2023,유한대학교,학생부위주,예체능,시각디자인학과,6.267,,,,,
2023,연성대학교,학생부위주,자연,실내건축과,5.902,7.0,6.0,8.0,6.0,6.0
2023,신구대학교,학생부위주,예체능,시각디자인과,5.802,5.0,6.0,8.0,5.0,8.0
2023,동양미래대학교,학생부위주,인문,경영학과,5.955,7.0,6.0,5.0,6.0,7.0
2023,신안산대학교,학생부위주,예체능,뷰티디자인과,7.228,7.0,8.0,7.0,7.0,7.0
2023,공주대(예산),교과,자연,조경학과,5.477,4.0,7.0,5.0,4.0,9.0
2023,백석예술대학교,종합,예체능,영상학부,4.596,5.0,8.0,2.0,5.0,5.0
2023,평택대,교과,인문,국제지역학부,5.846,6.0,7.0,6.0,5.0,7.0
2023,신한대(의정부),교과,인문,글로벌관광경영학과,4.504,6.0,6.0,4.0,4.0,4.0
2023,안양대,교과,인문,글로벌경영학과(야),4.504,6.0,6.0,4.0,4.0,4.0
2023,한동대,종합,인문,전 모집단위,4.324,4.0,5.0,2.0,5.0,5.0
2023,서울여대,종합,인문,경제학과,3.444,5.0,2.0,3.0,5.0,7.0
2023,가톨릭대(성심),종합,인문,경제학과,3.444,5.0,2.0,3.0,5.0,7.0
2023,한세대,교과,인문,미디어영상광고학과,3.444,5.0,5.0,6.0,3.0,4.0
2023,성결대,교과,인문,국어국문학과,3.444,5.0,5.0,6.0,3.0,4.0
2023,연성대학교,학생부위주,자연,호텔외식조리과,5.451,,,,,
2023,우송대,교과,자연,외식조리학부(한식조리과학전공),5.451,,,,,
2023,청운대(홍성),교과,인문,호텔조리식당경영학과,5.451,,,,,
2023,동양미래대학교,학생부위주,인문,경영정보학과,6.427,7.0,8.0,6.0,6.0,7.0
2023,평택대,교과,자연,ICT융합학부(ICT환경융합학과),5.856,7.0,7.0,7.0,8.0,9.0
2023,단국대(천안),교과,인문,아시아중동학부(베트남학전공),3.684,5.0,4.0,4.0,3.0,5.0
2023,안산대학교,학생부위주,예체능,시각미디어디자인학과,5.889,,,,,
2023,연성대학교,학생부위주,예체능,시각디자인과,5.889,,,,,
2023,수원여자대학교,학생부위주,예체능,시각디자인과 그래픽디자인전공,5.889,,,,,
2023,유한대학교,학생부위주,예체능,시각디자인학과,5.889,,,,,
2023,배재대,교과,인문,글로벌비즈니스학과,7.108,,,,,
2023,김포대학교,학생부위주,인문,아동보육과,7.427,6.0,9.0,9.0,6.0,8.0
2023,동서울대학교,학생부위주,인문,아동보육과,7.427,6.0,9.0,9.0,6.0,8.0
2023,부천대학교,학생부위주,인문,아동보육과,7.427,6.0,9.0,9.0,6.0,8.0
2023,부천대학교,학생부위주,인문,아동보육과,7.427,6.0,9.0,9.0,6.0,8.0
2023,숭의여자대학교,학생부위주,인문,문헌정보과,5.308,5.0,6.0,3.0,5.0,5.0
2023,서강대,종합,인문,글로벌한국학부,1.798,3.0,5.0,2.0,1.0,3.0
2023,연세대,종합,인문,교육학부,1.798,3.0,5.0,2.0,1.0,3.0
2023,이화여대,교과,인문,영어영문학부,1.798,3.0,5.0,2.0,1.0,3.0
2023,성균관대,교과,인문,아동청소년학과,1.798,3.0,5.0,2.0,1.0,3.0
2023,유한대학교,학생부위주,예체능,시각디자인학과,5.991,6.0,8.0,4.0,5.0,6.0
2023,협성대,교과,인문,중국어문화학과,5.991,6.0,8.0,4.0,5.0,6.0
2023,한양여자대학교,실기위주,예체능,스포츠건강관리과,6.043,7.0,8.0,6.0,7.0,7.0
2023,한국외대,종합,인문,ELLT학과,2.034,4.0,4.0,2.0,6.0,6.0
2023,강릉영동대학교,학생부위주,자연,AI메타버스과,6.186,7.0,8.0,7.0,7.0,8.0
2023,한국영상대학교,면접위주,예체능,방송영상미디어과,6.186,7.0,8.0,7.0,7.0,8.0
2023,백석문화대학교,학생부위주,예체능,미디어영상학부,6.186,7.0,8.0,7.0,7.0,8.0
2023,UNIST,종합,자연,이공계열,1.728,3.0,2.0,2.0,4.0,5.0
2023,성균관대,종합,자연,컴퓨터교육과,1.728,3.0,2.0,2.0,4.0,5.0
2023,중앙대,교과,자연,창의ICT공과대학,1.728,3.0,2.0,2.0,4.0,5.0
2023,DGIST,종합,자연,융복합대학기초학부,1.728,3.0,2.0,2.0,4.0,5.0
2023,동양미래대학교,학생부위주,인문,호텔관광학과,6.094,7.0,9.0,7.0,8.0,9.0
2023,숭의여자대학교,학생부위주,인문,호텔관광과,6.094,7.0,9.0,7.0,8.0,9.0
2023,유한대학교,학생부위주,인문,호텔관광전공,6.094,7.0,9.0,7.0,8.0,9.0
2023,정화예술대학교,종합,공통,메이크업전공,8.009,9.0,8.0,8.0,7.0,7.0
2023,경인여자대학교,학생부위주,예체능,뷰티디자인학과 메이크업전공,8.009,9.0,8.0,8.0,7.0,7.0
2023,인덕대학교,학생부위주,인문,비즈니스중국어학과,7.059,,,,,
2023,동서울대학교,학생부위주,공통,엔터테인먼트경영과,7.059,,,,,
2023,인제대,교과,자연,식품영양・식품공학부,5.614,7.0,4.0,5.0,5.0,7.0
2023,청주대,교과,자연,제약공학과,5.614,7.0,4.0,5.0,5.0,7.0
2023,상명대,실기,예체능,스포츠무용학부(무용예술전공(현대무용)),3.577,6.0,8.0,4.0,5.0,6.0
2023,동덕여대,실기,예체능,무용전공,3.577,6.0,8.0,4.0,5.0,6.0
2023,단국대,실기,예체능,무용과(현대무용),3.577,6.0,8.0,4.0,5.0,6.0
2023,명지대,종합,인문,중어중문학과,3.769,5.0,5.0,3.0,5.0,6.0
2023,인하대,종합,인문,중국학과,3.769,5.0,5.0,3.0,5.0,6.0
2023,서울신학대,교과,자연,IT융합학부(IT융합소프트웨어학과),5.588,6.0,6.0,7.0,5.0,6.0
2023,청운대(인천),교과,자연,멀티미디어학과,5.588,6.0,6.0,7.0,5.0,6.0
2023,이화여대,종합,자연,인공지능학과(자연),2.126,4.0,2.0,4.0,3.0,6.0
2023,숭실대,교과,자연,전자정보공학부(IT융합전공),2.126,4.0,2.0,4.0,3.0,6.0
2023,동덕여대,종합,인문,일어일본학전공,3.624,,,,,
2023,서울여대,종합,인문,일어일문학과,3.624,,,,,
2023,가톨릭대(성심),종합,인문,일어일본문화학과,3.624,,,,,
2023,숙명여대,종합,인문,아동복지학부,2.393,5.0,4.0,1.0,1.0,7.0
2023,홍익대,종합,인문,서울캠퍼스자율전공(인문예능),2.393,5.0,4.0,1.0,1.0,7.0
2023,가톨릭대(성심),논술,인문,행정학과,5.547,6.0,8.0,3.0,4.0,5.0
2023,서영대학교,학생부위주,자연,간호학과,6.351,7.0,6.0,5.0,5.0,6.0
2023,동남보건대학교,학생부위주,자연,의료소프트웨어개발과,6.955,6.0,6.0,6.0,5.0,6.0
2023,가톨릭대(성심),종합,자연,의생명과학과,2.36,4.0,2.0,2.0,3.0,4.0
2023,동양대(북서울),실기,예체능,공연영상학부,5.667,7.0,6.0,6.0,6.0,7.0
2023,동양대(북서울),교과,인문,공공인재학부,5.667,7.0,6.0,6.0,6.0,7.0
2023,배화여자대학교,학생부위주,자연,소프트웨어공학과,5.153,7.0,5.0,4.0,5.0,6.0
2023,숭의여자대학교,학생부위주,자연,IT소프트웨어융합과,5.153,7.0,5.0,4.0,5.0,6.0
2023,가톨릭꽃동네대,교과,자연,간호학과,4.786,6.0,6.0,5.0,4.0,5.0
2023,국제대학교,학생부위주,자연,간호학과,4.786,6.0,6.0,5.0,4.0,5.0
2023,을지대(성남),교과,인문,휴먼서비스학부,3.949,5.0,5.0,2.0,3.0,5.0
2023,안양대,종합,자연,디지털미디어디자인학과,5.06,6.0,5.0,4.0,4.0,6.0
2023,한세대,교과,인문,경영학과,5.06,6.0,5.0,4.0,4.0,6.0
2023,신한대(의정부),종합,인문,미디어영상학과,5.06,6.0,5.0,4.0,4.0,6.0
2023,유한대학교,학생부위주,인문,광고미디어전공,5.06,6.0,5.0,4.0,4.0,6.0
2023,연성대학교,학생부위주,예체능,영상콘텐츠과(영상콘텐츠제작),5.06,6.0,5.0,4.0,4.0,6.0
2023,숙명여대,종합,인문,역사문화학과,2.667,4.0,4.0,2.0,1.0,4.0
2023,세종대,종합,인문,역사학과,2.667,4.0,4.0,2.0,1.0,4.0
2023,국민대,종합,인문,한국역사학과,2.667,4.0,4.0,2.0,1.0,4.0
2023,한신대,교과,인문,디지털영상문화콘텐츠학,4.778,5.0,5.0,4.0,4.0,6.0
2023,을지대(성남),종합,자연,바이오공학부,3.748,5.0,5.0,5.0,5.0,5.0
2023,협성대,교과,자연,의생명화학과,3.748,5.0,5.0,5.0,5.0,5.0
2023,동덕여대,교과,자연,데이터사이언스전공,3.108,5.0,4.0,3.0,4.0,7.0
2023,신한대(의정부),실기,예체능,태권도학부,4.427,8.0,6.0,4.0,5.0,6.0
2023,서경대,실기,예체능,광고홍보영상학과,4.877,6.0,5.0,5.0,5.0,6.0
2023,명지대,교과,인문,사학과,2.932,3.0,5.0,3.0,1.0,4.0
2023,경운대,교과,자연,치위생학과,6.632,8.0,6.0,7.0,6.0,8.0
2023,명지대(용인),교과,자연,자연과학대학,4.396,6.0,6.0,5.0,4.0,7.0
2023,인천대,종합,자연,화학과,4.396,6.0,6.0,5.0,4.0,7.0
2023,상명대,실기,예체능,스포츠무용학부(무용예술전공(한국무용)),6.851,8.0,7.0,5.0,7.0,8.0
2023,한국기술교대,교과,자연,기계공학부,4.081,6.0,4.0,3.0,4.0,6.0
2023,건국대(글로컬),교과,자연,메카트로닉스공학과,4.081,6.0,4.0,3.0,4.0,6.0
2023,김천대,교과,자연,치위생학과,5.386,5.0,5.0,5.0,6.0,7.0
2023,초당대,교과,자연,간호학과,5.386,5.0,5.0,5.0,6.0,7.0
2023,전북과학대학교,서류위주,자연,간호학과,5.386,5.0,5.0,5.0,6.0,7.0
2023,동신대,교과,자연,물리치료학과,5.47,7.0,8.0,4.0,5.0,7.0
2023,동강대학교,학생부위주,자연,간호학과,5.47,7.0,8.0,4.0,5.0,7.0
2023,세한대(영암),교과,자연,물리치료학과,5.47,7.0,8.0,4.0,5.0,7.0
2023,인덕대학교,서류위주,예체능,방송연예과,4.419,5.0,6.0,3.0,5.0,7.0
2023,서일대학교,실기위주,예체능,영화방송공연예술학과(연기예술전공),4.419,5.0,6.0,3.0,5.0,7.0
2023,가천대(글로벌),종합,자연,반도체전자공학부,4.333,6.0,3.0,3.0,7.0,8.0
2023,중부대(고양),교과,인문,국제통상학전공,3.808,,,2.0,5.0,8.0
2023,명지전문대학,학생부위주,인문,경영학과,3.808,,,2.0,5.0,8.0
2023,배화여자대학교,학생부위주,인문,글로벌커뮤니케이션과 영어전공,3.808,,,2.0,5.0,8.0
2023,성신여대,교과,자연,바이오헬스융합학부,2.658,4.0,4.0,3.0,6.0,6.0
2023,청운대(홍성),교과,인문,자율전공학부,5.816,7.0,6.0,6.0,6.0,7.0
2023,이화여대,논술,자연,컴퓨터공학과(자연),4.189,2.0,2.0,3.0,2.0,4.0
2023,동남보건대학교,학생부위주,자연,응급구조학과,3.558,5.0,,5.0,4.0,5.0
2023,우송대,교과,자연,응급구조학과,3.558,5.0,,5.0,4.0,5.0
2023,총신대,교과,인문,영어교육과,3.308,5.0,4.0,3.0,5.0,5.0
2023,한세대,교과,인문,산업보안학과,4.324,5.0,5.0,2.0,5.0,8.0
2023,경희대(국제),실기,예체능,PostModern음악학과,5.951,6.0,8.0,1.0,6.0,8.0
2023,강원대,종합,인문,인문학부,4.145,6.0,5.0,3.0,5.0,5.0
2023,단국대(천안),교과,인문,유럽중남미학부(포르투갈브라질학전공),4.145,6.0,5.0,3.0,5.0,5.0
2023,서울교대,종합,공통,초등교육학과,1.496,1.0,2.0,2.0,1.0,1.0
2023,연세대,종합,인문,교육학부,1.496,1.0,2.0,2.0,1.0,1.0
2023,성균관대,교과,인문,사회과학계열,1.496,1.0,2.0,2.0,1.0,1.0
2023,중앙대,교과,인문,경영학부(경영학전공),1.496,1.0,2.0,2.0,1.0,1.0
2023,동국대,논술,자연,산업시스템공학과,3.694,2.0,3.0,2.0,4.0,5.0
2023,안양대,종합,인문,영미언어문화학과,4.829,7.0,6.0,3.0,7.0,8.0
2023,서울신학대,교과,인문,아시아문화콘텐츠학부(일본어문화콘텐츠학과),4.829,7.0,6.0,3.0,7.0,8.0
2023,홍익대,종합,인문,서울캠퍼스자율전공(인문예능),2.564,3.0,5.0,2.0,3.0,4.0
2023,국민대,종합,인문,한국어문학부(국어국문학전공),2.564,3.0,5.0,2.0,3.0,4.0
2023,유한대학교,학생부위주,예체능,방송영상전공,4.949,6.0,4.0,6.0,4.0,8.0
2023,서울신학대,종합,인문,기독교교육과,6.103,6.0,7.0,6.0,6.0,6.0
2023,협성대,교과,인문,신학과,6.103,6.0,7.0,6.0,6.0,6.0
2023,성결대,교과,인문,신학과,6.103,6.0,7.0,6.0,6.0,6.0
2023,한신대,교과,인문,글로벌공공인재융합계열,5.655,6.0,6.0,4.0,6.0,7.0
2023,부천대학교,학생부위주,인문,세무회계학과,5.655,6.0,6.0,4.0,6.0,7.0
2023,대진대,종합,인문,미디어커뮤니케이션학과,4.462,5.0,5.0,3.0,7.0,8.0
2023,성신여대,종합,자연,수리통계데이터사이언스학부(수학핀테크),3.225,5.0,4.0,4.0,6.0,7.0
2023,한국성서대,교과,자연,간호학과,3.748,4.0,4.0,2.0,5.0,7.0
2023,수원여자대학교,학생부위주,자연,간호학과,4.504,5.0,4.0,4.0,4.0,7.0
2023,경동대(원주문막),교과,자연,간호학과,4.504,5.0,4.0,4.0,4.0,7.0
2023,한림성심대학교,학생부위주,자연,간호학과,4.504,5.0,4.0,4.0,4.0,7.0
2023,서울시립대,종합,인문,국제관계학과,1.949,1.0,5.0,1.0,1.0,1.0
2023,숙명여대,교과,인문,경영학부,1.949,1.0,5.0,1.0,1.0,1.0
2023,이화여대,종합,인문,소비자학과,1.949,1.0,5.0,1.0,1.0,1.0
2023,한국외대,교과,인문,포르투갈어과,1.949,1.0,5.0,1.0,1.0,1.0
2023,숙명여대,교과,인문,경제학부,2.051,5.0,2.0,2.0,3.0,5.0
2023,한국외대,교과,인문,ELLT학과,2.051,5.0,2.0,2.0,3.0,5.0
2023,이화여대,종합,인문,경제학과,2.243,2.0,3.0,2.0,1.0,3.0
2023,여주대학교,학생부위주,자연,보건의료행정과,6.556,,,,,
2023,명지대,교과,인문,정치외교학과,3.368,4.0,5.0,2.0,4.0,4.0
2022,명지대,교과,인문,어문학부,6.205,8.0,6.0,6.0,7.0,7.0
2022,강남대,종합,예체능,글로벌경영학부,6.205,8.0,6.0,6.0,7.0,7.0
2022,아주대,종합,인문,사회학과,6.205,8.0,6.0,6.0,7.0,7.0
2022,공주대,종합,인문,지리학과,6.205,8.0,6.0,6.0,7.0,7.0
2022,충북대,교과,인문,중어중문학과,6.205,8.0,6.0,6.0,7.0,7.0
2022,장로회신학대,교과,인문,기독교교육과,3.675,5.0,6.0,3.0,5.0,5.0
2022,총신대,종합,인문,기독교교육과,3.675,5.0,6.0,3.0,5.0,5.0
2022,총신대,교과,인문,영어교육과,3.675,5.0,6.0,3.0,5.0,5.0
2022,서울신학대,교과,인문,기독교교육과,3.675,5.0,6.0,3.0,5.0,5.0
2022,성결대,교과,인문,기독교교육상담학과,3.675,5.0,6.0,3.0,5.0,5.0
2022,경기과학기술대학교,학생부위주,자연,미래전기자동차과,6.018,8.0,8.0,7.0,8.0,8.0
2022,경민대학교,학생부위주,자연,컴퓨터소프트웨어과,6.018,8.0,8.0,7.0,8.0,8.0
2022,안양대,교과,인문,러시아언어문화학과,4.282,5.0,6.0,3.0,4.0,5.0
2022,차의과학대,종합,자연,간호대학,2.863,5.0,4.0,3.0,4.0,6.0
2022,홍익대(세종),종합,자연,세종캠퍼스자율전공(자연예능),4.343,6.0,6.0,3.0,7.0,7.0
2022,신한대,실기,예체능,실내디자인학과,5.877,8.0,,4.0,6.0,6.0
2022,중부대(고양),실기,예체능,산업디자인학전공,5.877,8.0,,4.0,6.0,6.0
2022,협성대,실기,예체능,가구디자인학과,5.877,8.0,,4.0,6.0,6.0
2022,안양대,종합,자연,도시정보공학과,5.104,,,,,
2022,인하공업전문대학,학생부위주,자연,건설환경공학과,5.104,,,,,
2022,가천대(메디컬),종합,자연,약학과(6년),1.793,2.0,1.0,3.0,1.0,3.0
2022,성균관대,종합,자연,공학계열,1.793,2.0,1.0,3.0,1.0,3.0
2022,고려대,교과,자연,식품공학과,1.793,2.0,1.0,3.0,1.0,3.0
2022,성신여대,종합,자연,융합보안공학과,3.099,5.0,4.0,4.0,6.0,8.0
2022,국군간호사관학교,기타,자연,국군간호사관학교,3.144,2.0,3.0,2.0,5.0,5.0
2022,경기대,종합,자연,사회에너지시스템공학과,3.658,4.0,7.0,3.0,7.0,7.0
2022,인천대,종합,자연,해양학과,3.658,4.0,7.0,3.0,7.0,7.0
2022,단국대(천안),교과,자연,에너지공학과,3.658,4.0,7.0,3.0,7.0,7.0
2022,동양미래대학교,학생부위주,인문,경영정보학과,7.105,7.0,7.0,6.0,8.0,7.0
2022,경인여자대학교,학생부위주,인문,사회복지학과,7.105,7.0,7.0,6.0,8.0,7.0
2022,동양미래대학교,학생부위주,자연,컴퓨터정보공학과,5.453,6.0,5.0,6.0,6.0,7.0
2022,인하대,종합,자연,해양과학과,2.613,4.0,5.0,2.0,5.0,6.0
2022,세종대,종합,자연,지구자원시스템공학과,2.613,4.0,5.0,2.0,5.0,6.0
2022,서경대,교과,예체능,헤어디자인학과,7.051,,,,,
2022,호서대(아산),교과,자연,식품영양학과,7.772,6.0,7.0,6.0,7.0,7.0
2022,성결대,교과,인문,사회복지학과,3.667,,,,,
2022,신구대학교,학생부위주,예체능,사진영상미디어과(3년제),7.726,9.0,8.0,9.0,6.0,9.0
2022,건국대(글로컬),교과,자연,생명공학과,3.82,5.0,5.0,3.0,3.0,6.0
2022,동양미래대학교,학생부위주,인문,호텔관광학과,5.846,5.0,5.0,3.0,5.0,6.0
2022,서강대,종합,인문,유럽문화학과,1.906,2.0,3.0,1.0,3.0,3.0
2022,서울교대,종합,공통,초등교육학과,1.906,2.0,3.0,1.0,3.0,3.0
2022,성균관대,교과,인문,아동청소년학,1.906,2.0,3.0,1.0,3.0,3.0
2022,경인교대,종합,공통,초등교육과,1.906,2.0,3.0,1.0,3.0,3.0
2022,한국교원대,종합,인문,국어교육과,1.906,2.0,3.0,1.0,3.0,3.0
2022,동양미래대학교,학생부위주,자연,컴퓨터정보공학과,4.757,5.0,6.0,4.0,3.0,9.0
2022,한양여자대학교,학생부위주,자연,스마트IT과,4.757,5.0,6.0,4.0,3.0,9.0
2022,서울신학대,교과,자연,IT융합소프트웨어학과,4.757,5.0,6.0,4.0,3.0,9.0
2022,안양대,종합,자연,환경에너지공학과,4.757,5.0,6.0,4.0,3.0,9.0
2022,인하공업전문대학,학생부위주,자연,메카트로닉스공학과,4.757,5.0,6.0,4.0,3.0,9.0
2022,중부대(고양),교과,자연,스마트모빌리티전공,4.757,5.0,6.0,4.0,3.0,9.0
2022,유한대학교,학생부위주,자연,유한생명바이오학과,4.757,5.0,6.0,4.0,3.0,9.0
2022,성공회대,종합,인문,인문융합자율학부,4.94,5.0,9.0,2.0,3.0,6.0
2022,한경대,교과,인문,인문융합공공인재학부,4.94,5.0,9.0,2.0,3.0,6.0
2022,동양미래대학교,학생부위주,인문,호텔관광학과,5.496,,,,,
2022,배화여자대학교,학생부위주,인문,글로벌관광콘텐츠과,5.496,,,,,
2022,숭의여자대학교,학생부위주,인문,호텔관광과,5.496,,,,,
2022,숭의여자대학교,학생부위주,예체능,주얼리디자인과,6.145,8.0,6.0,8.0,6.0,7.0
2022,부천대학교,학생부위주,자연,IT융합비즈니스학과,6.145,8.0,6.0,8.0,6.0,7.0
2022,경인여자대학교,학생부위주,자연,소프트웨어융합학과,6.145,8.0,6.0,8.0,6.0,7.0
2022,이화여대,논술,인문,불어불문학과,3.709,1.0,7.0,2.0,3.0,6.0
2022,유한대학교,학생부위주,인문,보건복지학과,6.795,6.0,9.0,6.0,5.0,7.0
2022,경일대,교과,인문,상담심리학과,6.795,6.0,9.0,6.0,5.0,7.0
2022,가톨릭꽃동네대,교과,인문,사회복지상담심리학부,6.795,6.0,9.0,6.0,5.0,7.0
2022,부천대학교,면접위주,예체능,뷰티케어과 헤어디자인전공,6.462,9.0,8.0,7.0,5.0,7.0
2022,서경대,교과,예체능,헤어디자인학과,6.462,9.0,8.0,7.0,5.0,7.0
2022,동양미래대학교,학생부위주,인문,경영정보학과,6.017,7.0,8.0,6.0,8.0,8.0
2022,배화여자대학교,학생부위주,인문,스마트경영과,6.017,7.0,8.0,6.0,8.0,8.0
2022,유한대학교,학생부위주,자연,글로벌호텔항공학과 항공경영전공,6.017,7.0,8.0,6.0,8.0,8.0
2022,여주대학교,학생부위주,자연,의료재활과학과,6.017,7.0,8.0,6.0,8.0,8.0
2022,강원대,교과,자연,지질지구물리학부,3.912,5.0,5.0,4.0,3.0,8.0
2022,동양미래대학교,학생부위주,자연,기계설계공학과,6.786,8.0,6.0,6.0,7.0,9.0
2022,동양미래대학교,학생부위주,자연,기계설계공학과,6.786,8.0,6.0,6.0,7.0,9.0
2022,동양미래대학교,학생부위주,인문,세무회계학과,5.333,5.0,6.0,4.0,5.0,6.0
2022,호산대학교,학생부위주,자연,간호학과,6.316,7.0,6.0,5.0,5.0,5.0
2022,서영대학교,학생부위주,자연,간호학과,6.316,7.0,6.0,5.0,5.0,5.0
2022,초당대,교과,자연,간호학과,6.316,7.0,6.0,5.0,5.0,5.0
2022,부산여자대학교,학생부위주,자연,간호학과,6.316,7.0,6.0,5.0,5.0,5.0
2022,부천대학교,학생부위주,인문,유아교육과,5.692,7.0,7.0,4.0,5.0,7.0
2022,동남보건대학교,학생부위주,자연,작업치료과,4.974,5.0,5.0,4.0,6.0,8.0
2022,평택대,종합,인문,재활상담학과,4.974,5.0,5.0,4.0,6.0,8.0
2022,한신대,교과,인문,재활상담학,4.974,5.0,5.0,4.0,6.0,8.0
2022,경인여자대학교,면접위주,인문,항공서비스학과,6.154,,,,,
2022,서일대학교,학생부위주,인문,유아교육학과,5.009,7.0,8.0,7.0,6.0,7.0
2022,한양여자대학교,학생부위주,인문,유아교육과,5.009,7.0,8.0,7.0,6.0,7.0
2022,대진대,교과,인문,사회복지아동학부(아동심리교육),5.009,7.0,8.0,7.0,6.0,7.0
2022,부천대학교,학생부위주,인문,유아교육과,5.009,7.0,8.0,7.0,6.0,7.0
2022,경인여자대학교,학생부위주,인문,유아교육학과,5.009,7.0,8.0,7.0,6.0,7.0
2022,남서울대,교과,인문,아동복지학과,5.009,7.0,8.0,7.0,6.0,7.0
2022,백석대,교과,인문,사회복지학부,5.009,7.0,8.0,7.0,6.0,7.0
2022,안산대학교,학생부위주,인문,유아교육과,5.009,7.0,8.0,7.0,6.0,7.0
2022,유한대학교,학생부위주,인문,보건복지학과,5.009,7.0,8.0,7.0,6.0,7.0
2022,연성대학교,면접위주,인문,항공서비스과,5.632,,,,,
2022,경인여자대학교,면접위주,인문,항공서비스학과,5.632,,,,,
2022,김포대학교,실기위주,예체능,실용음악과,6.932,9.0,8.0,7.0,6.0,7.0
2022,경희대,종합,자연,간호학과(자연),1.919,3.0,4.0,2.0,6.0,6.0
2022,중앙대,종합,자연,간호학과(자연),1.919,3.0,4.0,2.0,6.0,6.0
2022,가천대(글로벌),종합,자연,화공생명공학전공,3.477,6.0,4.0,3.0,6.0,6.0
2022,한국공학대,교과,자연,생명화학공학과,3.414,5.0,4.0,4.0,5.0,7.0
2022,동양미래대학교,학생부위주,인문,유통마케팅학과,5.923,7.0,7.0,5.0,6.0,9.0
2022,배화여자대학교,학생부위주,자연,스마트IT학과,5.923,7.0,7.0,5.0,6.0,9.0
2022,서울한영대,교과,인문,재활복지학과,5.923,7.0,7.0,5.0,6.0,9.0
2022,한양여자대학교,학생부위주,자연,빅데이터과,5.923,7.0,7.0,5.0,6.0,9.0
2022,부천대학교,학생부위주,자연,정보통신과,5.923,7.0,7.0,5.0,6.0,9.0
2022,유한대학교,학생부위주,자연,정보통신학과,5.923,7.0,7.0,5.0,6.0,9.0
2022,경인여자대학교,학생부위주,인문,MD상품기획비즈니스학과,5.923,7.0,7.0,5.0,6.0,9.0
2022,청운대(인천),교과,자연,토목환경공학과,5.923,7.0,7.0,5.0,6.0,9.0
2022,수원여자대학교,학생부위주,자연,치위생과,4.701,4.0,5.0,4.0,4.0,7.0
2022,용인대,교과,자연,AI학부,3.739,5.0,5.0,2.0,6.0,7.0
2022,한양여자대학교,학생부위주,자연,스마트IT과,6.228,6.0,6.0,4.0,5.0,6.0
2022,명지전문대학,학생부위주,자연,전자공학과,6.228,6.0,6.0,4.0,5.0,6.0
2022,배화여자대학교,학생부위주,자연,소프트웨어공학과,6.228,6.0,6.0,4.0,5.0,6.0
2022,부천대학교,학생부위주,자연,전자공학과,6.228,6.0,6.0,4.0,5.0,6.0
2022,유한대학교,학생부위주,자연,전자공학과,6.228,6.0,6.0,4.0,5.0,6.0
2022,고려대,종합,인문,자유전공학부,1.342,1.0,4.0,1.0,1.0,1.0
2022,고려대,교과,인문,자유전공학부,1.342,1.0,4.0,1.0,1.0,1.0
2022,서강대,교과,인문,지식융합미디어학부,1.342,1.0,4.0,1.0,1.0,1.0
2022,연세대,종합,인문,교육학부,1.342,1.0,4.0,1.0,1.0,1.0
2022,한양대,교과,인문,정보시스템학과(상경),1.342,1.0,4.0,1.0,1.0,1.0
2022,인천대,종합,인문,세무회계학과,3.709,4.0,5.0,5.0,4.0,4.0
2022,이화여대,종합,자연,인공지능학과(자연),2.117,1.0,2.0,2.0,4.0,6.0
2022,세명대,종합,자연,한의예과,2.117,1.0,2.0,2.0,4.0,6.0
2022,연세대,교과,인문,경영학과,1.368,3.0,4.0,1.0,3.0,3.0
2022,수원대,교과,인문,소방행정학과(야),4.607,8.0,7.0,2.0,2.0,4.0
2022,서울여대,교과,인문,아동학과,3.821,3.0,2.0,3.0,1.0,2.0
2022,한양여자대학교,학생부위주,자연,스마트IT과,5.216,6.0,4.0,5.0,6.0,6.0
2022,성균관대,논술,자연,자연과학계열,2.009,1.0,1.0,2.0,2.0,4.0
2022,강남대,종합,자연,인공지능융합공학부,4.883,6.0,6.0,3.0,6.0,8.0
2022,동덕여대,교과,자연,컴퓨터학과,2.946,5.0,3.0,1.0,5.0,6.0
2022,성신여대,교과,자연,컴퓨터공학과,2.946,5.0,3.0,1.0,5.0,6.0
2022,성결대,교과,인문,국제개발협력학과,7.017,6.0,6.0,6.0,6.0,6.0
2022,숙명여대,논술,자연,기계시스템학부,3.892,4.0,3.0,1.0,5.0,5.0
2022,이화여대,논술,자연,물리학과,3.892,4.0,3.0,1.0,5.0,5.0
2022,가톨릭관동대,교과,자연,임상병리학과,3.423,4.0,4.0,4.0,3.0,5.0
2022,부산가톨릭대,종합,자연,임상병리학과,3.423,4.0,4.0,4.0,3.0,5.0
2022,삼육보건대학교,학생부위주,인문,아동보육과,8.128,,,,,
2022,부천대학교,학생부위주,인문,아동보육과,8.128,,,,,
2022,인덕대학교,학생부위주,예체능,멀티미디어디자인학과,5.825,7.0,9.0,4.0,6.0,7.0
2022,평택대,교과,인문,광고홍보학과,5.825,7.0,9.0,4.0,6.0,7.0
2022,백석예술대학교,종합,예체능,공연예술학부(극작),3.564,4.0,6.0,4.0,4.0,6.0
2022,단국대(천안),종합,인문,문예창작과,3.564,4.0,6.0,4.0,4.0,6.0
2022,한신대,교과,인문,문예창작학,3.564,4.0,6.0,4.0,4.0,6.0
2022,부천대학교,학생부위주,자연,간호학과,3.027,3.0,5.0,3.0,5.0,5.0
2022,경민대학교,학생부위주,자연,간호학과,3.027,3.0,5.0,3.0,5.0,5.0
2022,두원공과대학교,학생부위주,자연,간호학과,3.027,3.0,5.0,3.0,5.0,5.0
2022,인천재능대학교,학생부위주,자연,간호학과,3.027,3.0,5.0,3.0,5.0,5.0
2022,신성대학교,학생부위주,자연,치위생과,7.598,7.0,8.0,6.0,6.0,8.0
2022,동양미래대학교,학생부위주,자연,생명화학공학과,6.234,7.0,5.0,6.0,7.0,9.0
2022,서일대학교,학생부위주,자연,생명화학공학과,6.234,7.0,5.0,6.0,7.0,9.0
2022,조선대,교과,자연,화학과,6.234,7.0,5.0,6.0,7.0,9.0
2022,한남대,교과,자연,화학과,6.234,7.0,5.0,6.0,7.0,9.0
2022,호서대(아산),교과,자연,화학공학과,6.234,7.0,5.0,6.0,7.0,9.0
2022,동국대(경주),교과,인문,일어일문학과,5.444,7.0,6.0,5.0,6.0,7.0
2022,협성대,교과,인문,미디어영상광고학과,3.991,7.0,4.0,4.0,6.0,7.0
2022,성공회대,교과,인문,인문융합자율학부,3.838,4.0,8.0,3.0,4.0,5.0
2022,단국대(천안),종합,인문,유럽중남미학부(포르투갈브라질학전공),3.838,4.0,8.0,3.0,4.0,5.0
2022,한국관광대학교,면접위주,인문,항공서비스과,5.385,7.0,7.0,4.0,7.0,8.0
2022,부천대학교,면접위주,자연,항공서비스과,5.385,7.0,7.0,4.0,7.0,8.0
2022,동서울대학교,면접위주,인문,항공서비스학과,5.385,7.0,7.0,4.0,7.0,8.0
2022,수원과학대학교,면접위주,인문,항공관광과,5.385,7.0,7.0,4.0,7.0,8.0
2022,연성대학교,면접위주,인문,항공서비스과,5.385,7.0,7.0,4.0,7.0,8.0
2022,유한대학교,학생부위주,인문,아동보육학과,6.359,6.0,5.0,4.0,5.0,6.0
2022,배화여자대학교,학생부위주,인문,아동보육과,6.829,8.0,7.0,8.0,6.0,7.0
2022,숭의여자대학교,학생부위주,인문,아동보육과,6.829,8.0,7.0,8.0,6.0,7.0
2022,숭의여자대학교,학생부위주,인문,아동보육과,6.829,8.0,7.0,8.0,6.0,7.0
2022,동서울대학교,학생부위주,인문,아동보육과,6.829,8.0,7.0,8.0,6.0,7.0
2022,부천대학교,학생부위주,인문,아동보육과,6.829,8.0,7.0,8.0,6.0,7.0
2022,유한대학교,학생부위주,인문,아동보육학과,6.829,8.0,7.0,8.0,6.0,7.0
2022,유한대학교,학생부위주,인문,아동보육학과,6.829,8.0,7.0,8.0,6.0,7.0
2022,경인여자대학교,학생부위주,인문,아동보육학과,6.829,8.0,7.0,8.0,6.0,7.0
2022,부천대학교,학생부위주,인문,아동보육과,6.829,8.0,7.0,8.0,6.0,7.0
2022,선문대,종합,인문,사학과,4.402,6.0,7.0,5.0,5.0,6.0
2022,한양여자대학교,학생부위주,인문,실무일본어과,5.726,6.0,8.0,4.0,4.0,6.0
2022,서일대학교,학생부위주,인문,비즈니스일본어과,6.034,5.0,7.0,5.0,5.0,6.0
2022,숭의여자대학교,학생부위주,인문,세무회계과,6.034,5.0,7.0,5.0,5.0,6.0
2022,서울교대,교과,공통,초등교육학과,1.179,2.0,3.0,2.0,1.0,2.0
2022,서울대,종합,인문,역사교육과,1.427,2.0,2.0,2.0,2.0,3.0
2022,한국교원대,종합,공통,초등교육과,1.427,2.0,2.0,2.0,2.0,3.0
2022,서울교대,교과,공통,초등교육학과,1.427,2.0,2.0,2.0,2.0,3.0
2022,가천대(글로벌),논술,자연,바이오나노학과,4.811,5.0,4.0,5.0,5.0,8.0
2022,한양대(에리카),논술,자연,생명나노공학과,4.811,5.0,4.0,5.0,5.0,8.0
2022,유한대학교,학생부위주,인문,아동보육학과,7.257,,,,,
2022,장안대학교,학생부위주,자연,바이오동물보호과,7.257,,,,,
2022,숭실대,종합,인문,평생교육학과,3.171,3.0,4.0,4.0,4.0,5.0
2022,서강대,종합,인문,글로벌한국학과,1.65,3.0,4.0,2.0,1.0,2.0
2022,서강대,교과,인문,영문학부,1.65,3.0,4.0,2.0,1.0,2.0
2022,숙명여대,종합,인문,정치외교학과,2.462,3.0,5.0,3.0,3.0,4.0
2024,숭의여자대학교,학생부위주,인문,유아교육과,6.436,7.0,8.0,6.0,6.0,8.0
2024,한양여자대학교,면접위주,인문,항공과,6.436,7.0,8.0,6.0,6.0,8.0
2024,숭의여자대학교,학생부위주,예체능,주얼리디자인과,4.739,5.0,5.0,4.0,6.0,9.0
2024,안양대(안양),종합,자연,화장품발명디자인학과,4.739,5.0,5.0,4.0,6.0,9.0
2024,대덕대학교,학생부위주,인문,사회복지과,7.479,,,,,
2024,백석문화대학교,학생부위주,인문,호텔외식조리학부,7.479,,,,,
2024,동국대,교과,인문,경영학과,2.145,4.0,3.0,2.0,4.0,4.0
2024,강릉원주대(강릉),종합,자연,해양생명과학과,5.772,6.0,5.0,8.0,5.0,7.0
2024,청운대(홍성),교과,공통,자율전공학부,5.772,6.0,5.0,8.0,5.0,7.0
2024,연세대,실기,인문,언더우드학부(인문사회),2.103,5.0,2.0,1.0,3.0,4.0
2024,이화여대,종합,인문,경제학과,2.103,5.0,2.0,1.0,3.0,4.0
2024,대림대,학생부위주,인문,항공호텔관광과,5.291,6.0,9.0,5.0,6.0,7.0
2024,백석대,교과,인문,관광학부(항공서비스),5.291,6.0,9.0,5.0,6.0,7.0
2024,백석예술대학교,종합,예체능,항공서비스학부,5.291,6.0,9.0,5.0,6.0,7.0
2024,부천대학교,면접위주,인문,항공서비스과,5.291,6.0,9.0,5.0,6.0,7.0
2024,수원과학대학교,면접위주,인문,항공관광과,5.291,6.0,9.0,5.0,6.0,7.0
2024,한국관광대학교,면접위주,인문,항공서비스과,5.291,6.0,9.0,5.0,6.0,7.0
2024,동서울대,학생부위주,예체능,주얼리디자인과,5.933,,,,,
2024,인덕대학교,학생부위주,예체능,주얼리디자인학과,5.933,,,,,
2024,청운대(홍성),교과,공통,자율전공학부,5.55,6.0,6.0,6.0,7.0,6.0
2024,한림성심대학교,면접위주,자연,간호학과,4.568,7.0,5.0,4.0,6.0,8.0
2024,단국대,실기,예체능,무용과(현대무용),4.949,6.0,8.0,4.0,8.0,8.0
2024,동덕여대,실기,예체능,공연예술학부무용전공,4.949,6.0,8.0,4.0,8.0,8.0
2024,화성의과학대,교과,자연,의생명과학과,5.135,8.0,5.0,3.0,5.0,7.0
2024,장안대학교,면접위주,자연,항공관광과,4.624,6.0,7.0,5.0,5.0,7.0
2024,덕성여대,교과,인문,글로벌융합대학(인문사회),2.95,4.0,5.0,3.0,4.0,6.0
2024,서울여대,종합,인문,일어일문학과,2.95,4.0,5.0,3.0,4.0,6.0
2024,숙명여대,종합,인문,일본학과,2.95,4.0,5.0,3.0,4.0,6.0
2024,숭실대,종합,인문,일어일문학과,2.95,4.0,5.0,3.0,4.0,6.0
2024,가톨릭대(성심),종합,자연,식품영양학과,3.658,4.0,6.0,4.0,4.0,5.0
2024,한성대,교과,인문,미래융합사회과학대학(야),3.658,4.0,6.0,4.0,4.0,5.0
2024,강원대(춘천),교과,자연,수의예과,1.263,2.0,3.0,1.0,3.0,4.0
2024,연세대,교과,공통,간호학과,1.263,2.0,3.0,1.0,3.0,4.0
2024,동서울대,학생부위주,자연,호텔외식조리과(호텔외식조리),7.598,8.0,7.0,6.0,6.0,9.0
2024,부천대학교,학생부위주,인문,호텔관광경영학과,7.598,8.0,7.0,6.0,6.0,9.0
2024,한국관광대학교,학생부위주,자연,호텔조리과,7.598,8.0,7.0,6.0,6.0,9.0
2024,성공회대,종합,자연,소프트웨어융합학부,4.061,6.0,9.0,4.0,4.0,7.0
2024,청운대(인천),교과,자연,컴퓨터공학과,4.061,6.0,9.0,4.0,4.0,7.0
2024,서경대,실기,예체능,광고홍보영상학과,5.333,4.0,8.0,4.0,5.0,5.0
2024,경인여대,학생부위주,자연,영상방송학과,5.009,,,,,
2024,유한대학교,학생부위주,예체능,방송영상전공,5.009,,,,,
2024,인천재능대학교,학생부위주,예체능,사진영상디자인과,5.009,,,,,
2024,명지전문대,학생부위주,인문,유아교육학과,4.162,6.0,7.0,3.0,5.0,7.0
2024,청강문화산업대학교,실기위주,자연,게임전공,7.561,,,,,
2024,연성대학교,면접위주,인문,경찰경호보안과,6.675,8.0,6.0,6.0,6.0,8.0
2024,경민대,실기위주,예체능,연기예술과,6.009,8.0,7.0,8.0,7.0,7.0
2024,덕성여대,논술,인문,글로벌융합대학(인문사회),5.658,3.0,4.0,4.0,3.0,5.0
2024,동양미래대,학생부위주,자연,바이오융합공학과,4.955,6.0,6.0,4.0,6.0,7.0
2024,한국교통대(충주),교과,자연,"건설환경도시교통공학부(사회기반공학,환경공학,도시교통공학)",4.955,6.0,6.0,4.0,6.0,7.0
2024,경기대(수원),교과,인문,글로벌어문학부,2.967,4.0,4.0,4.0,4.0,5.0
2024,성균관대,종합,인문,교육학과,2.231,4.0,3.0,3.0,2.0,4.0
2024,숙명여대,종합,인문,교육학부,2.231,4.0,3.0,3.0,2.0,4.0
2024,성신여대,실기,예체능,디자인과,4.658,5.0,6.0,2.0,4.0,4.0
2024,건국대,종합,자연,생물공학과,2.216,1.0,3.0,1.0,4.0,3.0
2024,성신여대,종합,인문,소비자산업학과,2.761,3.0,3.0,2.0,3.0,4.0
2024,광주대,실기,인문,문예창작과,7.558,7.0,,,7.0,8.0
2024,목포대,교과,인문,국어국문문예창작학부,7.558,7.0,,,7.0,8.0
2024,우석대(진천),교과,인문,문예창작학과,7.558,7.0,,,7.0,8.0
2024,부천대학교,학생부위주,자연,간호학과,4.532,6.0,6.0,4.0,5.0,6.0
2024,용인예술과학대학교,학생부위주,자연,간호학과,4.532,6.0,6.0,4.0,5.0,6.0
2024,우송정보대학,학생부위주,자연,간호학과,4.532,6.0,6.0,4.0,5.0,6.0
2024,유한대학교,학생부위주,인문,보건의료행정학과,4.532,6.0,6.0,4.0,5.0,6.0
2024,한양여자대학교,학생부위주,자연,보건행정과,4.532,6.0,6.0,4.0,5.0,6.0
2024,청강문화산업대학교,실기위주,자연,게임전공,4.863,5.0,7.0,5.0,5.0,7.0
2024,한성대,실기,예체능,ICT디자인학부(야),4.863,5.0,7.0,5.0,5.0,7.0
2024,강원대(춘천),교과,인문,자유전공학부(인문계열),3.205,5.0,6.0,4.0,4.0,6.0
2024,서울여대,종합,인문,경영학과,3.205,5.0,6.0,4.0,4.0,6.0
2024,인천대,종합,인문,경영학부,3.205,5.0,6.0,4.0,4.0,6.0
2024,한동대,종합,공통,전 학부(자율전공),4.207,6.0,5.0,3.0,5.0,6.0
2024,경인여대,면접위주,인문,항공서비스학과,5.65,6.0,7.0,5.0,5.0,8.0
2024,대림대,학생부위주,인문,항공호텔관광과,5.65,6.0,7.0,5.0,5.0,8.0
2024,대구가톨릭대,교과,인문,사회복지학과,5.863,6.0,7.0,5.0,6.0,8.0
2024,대구대,교과,인문,사회복지학과,5.863,6.0,7.0,5.0,6.0,8.0
2024,백석대,교과,인문,"사회복지학부(청소년학,아동복지학,사회복지학,노인복지학)",5.863,6.0,7.0,5.0,6.0,8.0
2024,세명대,교과,자연,간호학과,3.761,6.0,5.0,3.0,6.0,7.0
2024,목원대,교과,인문,역사학과,5.108,6.0,6.0,6.0,4.0,5.0
2024,백석대,교과,인문,"어문학부(영어학,일본어학,중국어학)",5.108,6.0,6.0,6.0,4.0,5.0
2024,부산외대,교과,공통,통합모집(자유전공),5.108,6.0,6.0,6.0,4.0,5.0
2024,경인여대,면접위주,인문,항공서비스학과,6.436,9.0,,7.0,6.0,6.0
2024,수원과학대학교,면접위주,인문,항공관광과,6.436,9.0,,7.0,6.0,6.0
2024,연성대학교,면접위주,인문,항공서비스과,6.436,9.0,,7.0,6.0,6.0
2024,유한대학교,면접위주,인문,항공서비스학과,6.436,9.0,,7.0,6.0,6.0
2024,인천재능대학교,면접위주,자연,항공서비스과,6.436,9.0,,7.0,6.0,6.0
2024,장안대학교,면접위주,자연,항공관광과,6.436,9.0,,7.0,6.0,6.0
2024,서울시립대,종합,인문,경영학부,1.88,4.0,4.0,2.0,3.0,5.0
2024,숙명여대,교과,인문,경영학부,1.88,4.0,4.0,2.0,3.0,5.0
2024,이화여대,교과,인문,경영학부,1.88,4.0,4.0,2.0,3.0,5.0
2024,동양미래대,학생부위주,인문,경영학과,6.208,6.0,8.0,5.0,7.0,8.0
2024,배화여대,학생부위주,인문,글로벌커뮤니케이션과-일본어전공,6.208,6.0,8.0,5.0,7.0,8.0
2024,부산외대,실기,공통,통합모집(자유전공),6.208,6.0,8.0,5.0,7.0,8.0
2024,서울한영대,교과,인문,아동보육학과,6.208,6.0,8.0,5.0,7.0,8.0
2024,숭의여자대학교,학생부위주,인문,사회복지과,6.208,6.0,8.0,5.0,7.0,8.0
2024,백석대,교과,자연,자유전공학부(자연계열),7.094,9.0,6.0,6.0,7.0,9.0
2024,부천대학교,면접위주,자연,건축과,7.094,9.0,6.0,6.0,7.0,9.0
2024,서일대학교,학생부위주,인문,비즈니스중국어과,7.094,9.0,6.0,6.0,7.0,9.0
2024,신안산대학교,학생부위주,예체능,뷰티디자인과,7.094,9.0,6.0,6.0,7.0,9.0
2024,인덕대학교,학생부위주,인문,비즈니스중국어학과,7.094,9.0,6.0,6.0,7.0,9.0
2024,공주대(천안),교과,자연,지능형모빌리티공학과,5.272,7.0,5.0,5.0,5.0,8.0
2024,남서울대,교과,자연,드론공간정보공학과,5.272,7.0,5.0,5.0,5.0,8.0
2024,청운대(인천),교과,자연,전자공학과,5.272,7.0,5.0,5.0,5.0,8.0
2024,청주대,교과,자연,무인항공기학과,5.272,7.0,5.0,5.0,5.0,8.0
2024,경인여대,학생부위주,자연,응급구조학과,5.162,7.0,6.0,4.0,6.0,6.0
2024,서울한영대,교과,인문,상담심리학과,5.162,7.0,6.0,4.0,6.0,6.0
2024,유한대학교,학생부위주,자연,응급구조과,5.162,7.0,6.0,4.0,6.0,6.0
2024,건국대,종합,공통,KU자유전공학부,2.153,3.0,3.0,3.0,3.0,5.0
2024,동국대,교과,자연,식품생명공학과,2.153,3.0,3.0,3.0,3.0,5.0
2024,건국대,교과,인문,경영학과,1.547,1.0,6.0,1.0,1.0,1.0
2024,고려대,교과,인문,보건정책관리학부,1.547,1.0,6.0,1.0,1.0,1.0
2024,성균관대,교과,인문,사회학과,1.547,1.0,6.0,1.0,1.0,1.0
2024,협성대,종합,인문,글로벌통상문화학과,6.521,7.0,8.0,6.0,6.0,7.0
2024,국민대,기타,인문,경영학부,4.701,,,,,
2024,명지대(서울),기타,인문,경영대학,4.701,,,,,
2024,숙명여대,기타,인문,경영학부,4.701,,,,,
2024,순천향대,종합,인문,특수교육과,4.667,5.0,5.0,3.0,6.0,6.0
2024,한동대,교과,공통,전 학부(자율전공),3.237,4.0,5.0,2.0,1.0,2.0
2024,한국영상대학교,학생부위주,예체능,영상자율전공학과,5.547,,,,,
2024,경인여대,학생부위주,예체능,패션디자인학과,6.514,5.0,7.0,8.0,5.0,6.0
2024,인하공업전문대학,학생부위주,예체능,패션디자인학과,6.514,5.0,7.0,8.0,5.0,6.0
2024,가톨릭대(성심),교과,자연,에너지환경공학과,2.73,5.0,5.0,2.0,2.0,5.0
2024,경기대(수원),교과,자연,사회에너지시스템공학과,2.73,5.0,5.0,2.0,2.0,5.0
2024,서울여대,종합,자연,생명환경공학과,2.73,5.0,5.0,2.0,2.0,5.0
2024,동양미래대,학생부위주,인문,빅데이터경영과,6.171,6.0,6.0,5.0,5.0,6.0
2024,남서울대,교과,인문,아동복지학과,7.103,8.0,,7.0,7.0,8.0
2024,대림대,학생부위주,공통,언어치료학과,7.103,8.0,,7.0,7.0,8.0
2024,숭의여자대학교,학생부위주,자연,보건행정과,7.103,8.0,,7.0,7.0,8.0
2024,경인여대,학생부위주,인문,유아교육학과,4.615,6.0,6.0,4.0,7.0,8.0
2024,숭의여자대학교,학생부위주,인문,유아교육과,4.615,6.0,6.0,4.0,7.0,8.0
2024,안양대(안양),교과,공통,자유전공,3.804,4.0,5.0,3.0,5.0,6.0
2024,한양여자대학교,실기위주,예체능,시각미디어디자인과,5.825,6.0,9.0,7.0,3.0,6.0
2024,연성대학교,면접위주,인문,항공서비스과,5.744,,,,,
2024,동덕여대,교과,인문,사회과학부아동학전공,3.197,4.0,4.0,3.0,2.0,2.0
2024,명지대(서울),종합,인문,아동학전공,3.197,4.0,4.0,3.0,2.0,2.0
2024,인하대,종합,인문,아동심리학과,3.197,4.0,4.0,3.0,2.0,2.0
2024,가천대(글로벌),교과,자연,건축학부,3.297,4.0,3.0,2.0,6.0,5.0
2024,인천대,교과,자연,도시건축학부,3.297,4.0,3.0,2.0,6.0,5.0
2024,경인여대,학생부위주,인문,유아교육학과,6.542,8.0,9.0,5.0,6.0,7.0
2024,배화여대,학생부위주,자연,식품영영학과,6.542,8.0,9.0,5.0,6.0,7.0
2024,부천대학교,학생부위주,인문,아동보육과,6.542,8.0,9.0,5.0,6.0,7.0
2024,연성대학교,학생부위주,인문,유아교육과,6.542,8.0,9.0,5.0,6.0,7.0
2024,한양여자대학교,학생부위주,인문,아동보육과,6.542,8.0,9.0,5.0,6.0,7.0
2024,연성대학교,면접위주,인문,응급구조과,5.735,5.0,8.0,5.0,4.0,5.0
2024,백석예술대학교,종합,예체능,공연예술학부(실용댄스),5.65,,,,,
2024,배재대,종합,자연,간호학과,4.207,7.0,4.0,4.0,6.0,6.0
2024,전주대,교과,자연,간호학과,4.207,7.0,4.0,4.0,6.0,6.0
2024,수원대,논술,자연,간호학과,3.802,4.0,4.0,3.0,5.0,7.0
2024,을지대(성남),논술,자연,방사선학과,3.802,4.0,4.0,3.0,5.0,7.0
2024,가천대(글로벌),논술,인문,"법과대학(법학,경찰행정,행정)",6.642,6.0,7.0,6.0,8.0,9.0
2024,동덕여대,교과,자연,자연과학부응용화학전공,2.842,4.0,4.0,2.0,5.0,5.0
2024,인천대,교과,자연,화학과,2.842,4.0,4.0,2.0,5.0,5.0
2024,인하대,종합,자연,고분자공학과,2.842,4.0,4.0,2.0,5.0,5.0
2024,목원대,교과,자연,외식조리제과제빵학과,4.748,,,,,
2024,백석대,교과,인문,"외식산업학부(호텔외식조리,제과제빵)",4.748,,,,,
2024,백석대,교과,인문,"외식산업학부(호텔외식조리,제과제빵)",4.748,,,,,
2024,UNIST,종합,자연,이공계열,1.57,3.0,3.0,1.0,4.0,5.0
2024,성균관대,종합,자연,공학계열,1.57,3.0,3.0,1.0,4.0,5.0
2024,성신여대,종합,인문,의류산업학과,2.632,4.0,3.0,4.0,1.0,3.0
2024,홍익대,실기,예체능,섬유미술패션디자인과,2.632,4.0,3.0,4.0,1.0,3.0
2024,동아대,종합,인문,중국학과,5.299,,,,,
2024,용인예술과학대학교,학생부위주,자연,실내건축디자인과,6.029,8.0,6.0,8.0,8.0,9.0
2024,인하공업전문대학,학생부위주,자연,실내건축학과,6.029,8.0,6.0,8.0,8.0,9.0
2024,서경대,교과,예체능,"헤어디자인학과(A,B)",5.863,8.0,7.0,7.0,6.0,8.0
2024,정화예술대학교,종합,공통,미용전공,5.863,8.0,7.0,7.0,6.0,8.0
2024,백석예술대학교,종합,예체능,영상학부,4.812,6.0,8.0,4.0,6.0,7.0
2024,강남대,종합,인문,상경학부,4.538,4.0,6.0,4.0,2.0,4.0
2024,서울신학대,종합,인문,일본어문화콘텐츠학과,4.367,6.0,5.0,3.0,6.0,7.0
2024,동덕여대,논술,인문,경영융합학부,4.072,2.0,4.0,2.0,2.0,4.0
2024,건국대(글로컬),교과,자연,메카트로닉스공학과,4.054,7.0,4.0,5.0,8.0,8.0
2024,순천향대,교과,자연,기계공학과,4.054,7.0,4.0,5.0,8.0,8.0
2024,인하대,종합,자연,조선해양공학과,4.054,7.0,4.0,5.0,8.0,8.0
2024,한국교통대(충주),교과,자연,반도체신소재공학과,4.054,7.0,4.0,5.0,8.0,8.0
2024,건국대(글로컬),교과,자연,녹색기술융합학과,4.117,6.0,4.0,3.0,6.0,9.0
2024,한성대,교과,자연,AI응용학과(야),4.117,6.0,4.0,3.0,6.0,9.0
2024,서울여대,교과,자연,식품공학과,3.179,4.0,4.0,3.0,4.0,3.0
2024,백석대,교과,자연,"컴퓨터공학부(소프트웨어학,멀티미디어학,정보보호학,인공지능학)",4.763,7.0,6.0,5.0,5.0,9.0
2024,상명대(천안),교과,자연,휴먼지능로봇공학과,4.763,7.0,6.0,5.0,5.0,9.0
2024,인덕대학교,학생부위주,예체능,멀티미디어디자인학과,4.763,7.0,6.0,5.0,5.0,9.0
2024,정화예술대학교,종합,공통,메이크업전공,7.444,,,,,
2024,백석대,실기,예체능,"디자인영상학부(영상애니메이션,시각디자인,산업디자인,인테리어디자인)",5.167,,,,,
2024,경남대,교과,인문,디지털마케팅학과,8.142,7.0,7.0,8.0,6.0,7.0
2024,배화여대,학생부위주,자연,컴퓨터공학과,8.142,7.0,7.0,8.0,6.0,7.0
2024,숭의여자대학교,학생부위주,자연,소프트웨어융합과,8.142,7.0,7.0,8.0,6.0,7.0
2024,영산대(해운대),교과,예체능,게임VR학과,8.142,7.0,7.0,8.0,6.0,7.0
2024,숭의여자대학교,학생부위주,인문,문헌정보과,5.605,5.0,8.0,5.0,5.0,6.0
2024,고려대(세종),교과,인문,글로벌학부,3.889,6.0,3.0,3.0,5.0,8.0
2024,동국대,종합,인문,중어중문학과,3.889,6.0,3.0,3.0,5.0,8.0
2024,숙명여대,교과,자연,생명시스템학부,2.072,1.0,4.0,3.0,3.0,5.0
2024,경복대,학생부위주,자연,치위생과,5.604,6.0,6.0,4.0,7.0,8.0
2024,대림대,학생부위주,공통,응급구조과,5.604,6.0,6.0,4.0,7.0,8.0
2024,안산대학교,학생부위주,자연,응급구조학과,5.604,6.0,6.0,4.0,7.0,8.0
2024,건국대(글로컬),종합,인문,사회복지학과,4.675,5.0,6.0,4.0,6.0,8.0
2024,경기과학기술대,학생부위주,공통,자유전공학과,4.855,6.0,6.0,3.0,5.0,5.0
2024,안양대(안양),교과,인문,글로벌경영학과(야),4.855,6.0,6.0,3.0,5.0,5.0
2024,인덕대학교,학생부위주,예체능,디지털산업디자인학과,4.855,6.0,6.0,3.0,5.0,5.0
2024,덕성여대,종합,인문,글로벌융합대학(인문사회),3.376,2.0,6.0,3.0,2.0,2.0
2024,유한대학교,학생부위주,자연,유한생명화공전공,6.65,7.0,7.0,4.0,7.0,7.0
2024,가톨릭대(성심),논술,인문,행정학과,5.923,4.0,9.0,3.0,1.0,2.0
2024,한국외국어대,논술,인문,행정학과,5.923,4.0,9.0,3.0,1.0,2.0
2024,가천대(메디컬),종합,자연,간호학과,2.613,5.0,2.0,2.0,1.0,5.0
2024,숭실대,교과,자연,수학과,2.613,5.0,2.0,2.0,1.0,5.0
2024,경기대(서울),교과,인문,관광개발경영학과,2.658,4.0,6.0,3.0,3.0,4.0
2024,동덕여대,교과,인문,경영융합학부,2.658,4.0,6.0,3.0,3.0,4.0
2024,동양미래대,학생부위주,자연,바이오융합공학과,5.784,,,,,
2024,인하공업전문대학,학생부위주,자연,조선기계공학과,5.784,,,,,
2024,숭의여자대학교,학생부위주,인문,유아교육과,4.154,6.0,4.0,5.0,3.0,5.0
2024,안산대학교,학생부위주,자연,물리치료학과,4.154,6.0,4.0,5.0,3.0,5.0
2024,가천대(메디컬),교과,자연,간호학과,1.991,6.0,3.0,3.0,4.0,7.0
2024,이화여대,종합,자연,식품영양학과,1.874,3.0,3.0,2.0,4.0,5.0
2024,목원대,교과,인문,항공호텔관광경영학과,6.966,8.0,7.0,7.0,8.0,9.0
2024,연성대학교,학생부위주,자연,실내건축과,6.966,8.0,7.0,7.0,8.0,9.0
2024,예원예술대(양주),실기,예체능,애니메이션웹툰전공,7.803,7.0,7.0,7.0,4.0,7.0
2024,배화여대,학생부위주,예체능,디지털콘텐츠디자인과-영상미디어전공,4.525,5.0,6.0,5.0,5.0,6.0
2024,백석예술대학교,종합,인문,유아교육과,6.957,7.0,9.0,7.0,7.0,8.0
2024,배재대,교과,자연,소프트웨어공학부(소프트웨어학),6.254,6.0,6.0,6.0,8.0,6.0
2024,서경대,교과,인문,미래융합학부1,3.496,4.0,6.0,3.0,2.0,5.0
2024,가톨릭대(성심),종합,인문,경영학과,3.333,5.0,3.0,3.0,3.0,4.0
2024,서울여대,교과,인문,경영학과,3.333,5.0,3.0,3.0,3.0,4.0
2024,숭의여자대학교,학생부위주,인문,사회복지과,5.231,8.0,6.0,6.0,8.0,8.0
2024,화성의과학대,교과,인문,의료사회복지학과,5.231,8.0,6.0,6.0,8.0,8.0
2024,명지전문대,학생부위주,인문,사회복지과,5.496,,,,,
2024,부천대학교,학생부위주,인문,사회복지학과,5.496,,,,,
2024,세명대,교과,예체능,산업디자인학과,5.701,,,,,
2024,유한대학교,학생부위주,예체능,산업디자인전공,5.701,,,,,
2024,원광대,종합,자연,간호학과,3.368,4.0,4.0,3.0,3.0,4.0
2024,제주대,교과,자연,간호학과,3.368,4.0,4.0,3.0,3.0,4.0
2024,건국대,교과,인문,응용통계학과,1.842,1.0,3.0,1.0,5.0,7.0
2024,성결대,교과,인문,기독교교육상담학과,4.351,6.0,5.0,5.0,6.0,7.0
2024,총신대,종합,인문,기독교교육과,4.351,6.0,5.0,5.0,6.0,7.0
2024,총신대,종합,인문,기독교교육과,4.351,6.0,5.0,5.0,6.0,7.0
2024,명지대(서울),종합,인문,국어국문학전공,3.368,3.0,5.0,3.0,4.0,4.0
2024,총신대,종합,인문,영어교육과,4.108,4.0,6.0,2.0,6.0,5.0
2024,경인여대,학생부위주,인문,세무회계학과,6.487,,,,,
